-- phpMyAdmin SQL Dump
-- version 5.2.1
-- https://www.phpmyadmin.net/
--
-- Servidor: 127.0.0.1
-- Tiempo de generación: 26-01-2025 a las 16:03:41
-- Versión del servidor: 10.4.32-MariaDB
-- Versión de PHP: 8.2.12

SET SQL_MODE = "NO_AUTO_VALUE_ON_ZERO";
START TRANSACTION;
SET time_zone = "+00:00";


/*!40101 SET @OLD_CHARACTER_SET_CLIENT=@@CHARACTER_SET_CLIENT */;
/*!40101 SET @OLD_CHARACTER_SET_RESULTS=@@CHARACTER_SET_RESULTS */;
/*!40101 SET @OLD_COLLATION_CONNECTION=@@COLLATION_CONNECTION */;
/*!40101 SET NAMES utf8mb4 */;

--
-- Base de datos: `plateformeval`
--

-- --------------------------------------------------------

--
-- Estructura de tabla para la tabla `etudiant_matieres`
--

CREATE TABLE `etudiant_matieres` (
  `etudiant_id` int(11) NOT NULL,
  `matiere_id` int(11) NOT NULL,
  `created_at` timestamp NOT NULL DEFAULT current_timestamp()
) ENGINE=InnoDB DEFAULT CHARSET=utf8mb4 COLLATE=utf8mb4_unicode_ci;

--
-- Volcado de datos para la tabla `etudiant_matieres`
--

INSERT INTO `etudiant_matieres` (`etudiant_id`, `matiere_id`, `created_at`) VALUES
(37, 1, '2024-12-10 23:07:08'),
(37, 2, '2024-12-10 23:07:08'),
(37, 3, '2024-12-10 23:07:08'),
(37, 4, '2024-12-10 23:07:08'),
(37, 5, '2024-12-10 23:07:08'),
(37, 6, '2024-12-10 23:07:08'),
(37, 7, '2024-12-10 23:07:08'),
(37, 8, '2024-12-10 23:07:08'),
(37, 9, '2024-12-10 23:07:08'),
(37, 10, '2024-12-10 23:07:08'),
(38, 2, '2024-12-10 23:07:08'),
(38, 10, '2024-12-10 23:07:08'),
(39, 1, '2024-12-10 23:07:08'),
(39, 5, '2024-12-10 23:07:08'),
(40, 1, '2024-12-10 23:07:08'),
(40, 2, '2024-12-10 23:07:08'),
(40, 3, '2024-12-10 23:07:08'),
(40, 5, '2024-12-10 23:07:08'),
(40, 8, '2024-12-10 23:07:08'),
(40, 9, '2024-12-10 23:07:08'),
(41, 1, '2024-12-10 23:07:08'),
(41, 2, '2024-12-10 23:07:08'),
(41, 3, '2024-12-10 23:07:08'),
(41, 4, '2024-12-10 23:07:08'),
(41, 5, '2024-12-10 23:07:08'),
(41, 6, '2024-12-10 23:07:08'),
(41, 7, '2024-12-10 23:07:08'),
(41, 8, '2024-12-10 23:07:08'),
(41, 9, '2024-12-10 23:07:08'),
(41, 10, '2024-12-10 23:07:08'),
(42, 3, '2024-12-10 23:07:08'),
(42, 4, '2024-12-10 23:07:08'),
(42, 6, '2024-12-10 23:07:08'),
(42, 7, '2024-12-10 23:07:08'),
(43, 6, '2024-12-10 23:07:08'),
(44, 1, '2024-12-10 23:07:08'),
(44, 2, '2024-12-10 23:07:08'),
(44, 5, '2024-12-10 23:07:08'),
(44, 6, '2024-12-10 23:07:08'),
(44, 7, '2024-12-10 23:07:08'),
(44, 8, '2024-12-10 23:07:08'),
(44, 9, '2024-12-10 23:07:08'),
(44, 10, '2024-12-10 23:07:08'),
(45, 10, '2024-12-10 23:07:08'),
(46, 2, '2024-12-10 23:07:08'),
(47, 3, '2024-12-10 23:07:08'),
(48, 1, '2024-12-10 23:07:08'),
(48, 3, '2024-12-10 23:07:08'),
(48, 4, '2024-12-10 23:07:08'),
(48, 6, '2024-12-10 23:07:08'),
(48, 7, '2024-12-10 23:07:08'),
(48, 8, '2024-12-10 23:07:08'),
(48, 9, '2024-12-10 23:07:08'),
(48, 10, '2024-12-10 23:07:08'),
(49, 1, '2024-12-10 23:07:08'),
(49, 2, '2024-12-10 23:07:08'),
(49, 4, '2024-12-10 23:07:08'),
(49, 5, '2024-12-10 23:07:08'),
(49, 6, '2024-12-10 23:07:08'),
(49, 7, '2024-12-10 23:07:08'),
(49, 9, '2024-12-10 23:07:08'),
(49, 10, '2024-12-10 23:07:08'),
(50, 2, '2024-12-10 23:07:08'),
(50, 4, '2024-12-10 23:07:08'),
(50, 5, '2024-12-10 23:07:08'),
(50, 6, '2024-12-10 23:07:08'),
(50, 7, '2024-12-10 23:07:08'),
(50, 8, '2024-12-10 23:07:08'),
(50, 10, '2024-12-10 23:07:08'),
(51, 1, '2024-12-10 23:07:08'),
(51, 2, '2024-12-10 23:07:08'),
(51, 3, '2024-12-10 23:07:08'),
(51, 4, '2024-12-10 23:07:08'),
(51, 5, '2024-12-10 23:07:08'),
(51, 6, '2024-12-10 23:07:08'),
(51, 7, '2024-12-10 23:07:08'),
(51, 8, '2024-12-10 23:07:08'),
(51, 9, '2024-12-10 23:07:08'),
(51, 10, '2024-12-10 23:07:08'),
(52, 1, '2024-12-10 23:07:08'),
(52, 2, '2024-12-10 23:07:08'),
(52, 3, '2024-12-10 23:07:08'),
(52, 4, '2024-12-10 23:07:08'),
(52, 5, '2024-12-10 23:07:08'),
(52, 6, '2024-12-10 23:07:08'),
(52, 7, '2024-12-10 23:07:08'),
(52, 8, '2024-12-10 23:07:08'),
(52, 9, '2024-12-10 23:07:08'),
(53, 1, '2024-12-10 23:07:08'),
(53, 2, '2024-12-10 23:07:08'),
(53, 4, '2024-12-10 23:07:08'),
(53, 6, '2024-12-10 23:07:08'),
(53, 7, '2024-12-10 23:07:08'),
(53, 8, '2024-12-10 23:07:08'),
(53, 9, '2024-12-10 23:07:08'),
(53, 10, '2024-12-10 23:07:08'),
(54, 3, '2024-12-10 23:07:08'),
(54, 7, '2024-12-10 23:07:08'),
(54, 8, '2024-12-10 23:07:08'),
(54, 10, '2024-12-10 23:07:08'),
(55, 1, '2024-12-10 23:07:08'),
(55, 2, '2024-12-10 23:07:08'),
(55, 4, '2024-12-10 23:07:08'),
(55, 5, '2024-12-10 23:07:08'),
(55, 6, '2024-12-10 23:07:08'),
(55, 7, '2024-12-10 23:07:08'),
(55, 8, '2024-12-10 23:07:08'),
(55, 9, '2024-12-10 23:07:08'),
(55, 10, '2024-12-10 23:07:08'),
(56, 2, '2024-12-10 23:07:08'),
(56, 3, '2024-12-10 23:07:08'),
(56, 4, '2024-12-10 23:07:08'),
(56, 6, '2024-12-10 23:07:08'),
(56, 9, '2024-12-10 23:07:08'),
(57, 1, '2024-12-10 23:07:08'),
(57, 2, '2024-12-10 23:07:08'),
(57, 3, '2024-12-10 23:07:08'),
(57, 4, '2024-12-10 23:07:08'),
(57, 5, '2024-12-10 23:07:08'),
(57, 6, '2024-12-10 23:07:08'),
(57, 7, '2024-12-10 23:07:08'),
(57, 8, '2024-12-10 23:07:08'),
(57, 9, '2024-12-10 23:07:08'),
(58, 1, '2024-12-10 23:07:08'),
(58, 2, '2024-12-10 23:07:08'),
(58, 3, '2024-12-10 23:07:08'),
(58, 5, '2024-12-10 23:07:08'),
(58, 6, '2024-12-10 23:07:08'),
(58, 7, '2024-12-10 23:07:08'),
(58, 8, '2024-12-10 23:07:08'),
(58, 9, '2024-12-10 23:07:08'),
(58, 10, '2024-12-10 23:07:08'),
(59, 1, '2024-12-10 23:07:08'),
(60, 3, '2024-12-10 23:07:08'),
(60, 6, '2024-12-10 23:07:08'),
(60, 7, '2024-12-10 23:07:08'),
(60, 8, '2024-12-10 23:07:08'),
(60, 9, '2024-12-10 23:07:08'),
(60, 10, '2024-12-10 23:07:08'),
(61, 3, '2024-12-10 23:07:08'),
(61, 4, '2024-12-10 23:07:08'),
(61, 7, '2024-12-10 23:07:08'),
(62, 1, '2024-12-10 23:07:08'),
(62, 2, '2024-12-10 23:07:08'),
(62, 3, '2024-12-10 23:07:08'),
(62, 4, '2024-12-10 23:07:08'),
(62, 5, '2024-12-10 23:07:08'),
(62, 6, '2024-12-10 23:07:08'),
(62, 7, '2024-12-10 23:07:08'),
(62, 8, '2024-12-10 23:07:08'),
(62, 9, '2024-12-10 23:07:08'),
(62, 10, '2024-12-10 23:07:08'),
(63, 2, '2024-12-10 23:07:08'),
(63, 4, '2024-12-10 23:07:08'),
(63, 6, '2024-12-10 23:07:08'),
(63, 8, '2024-12-10 23:07:08'),
(63, 9, '2024-12-10 23:07:08'),
(63, 10, '2024-12-10 23:07:08'),
(64, 1, '2024-12-10 23:07:08'),
(64, 2, '2024-12-10 23:07:08'),
(64, 3, '2024-12-10 23:07:08'),
(64, 4, '2024-12-10 23:07:08'),
(64, 5, '2024-12-10 23:07:08'),
(64, 6, '2024-12-10 23:07:08'),
(64, 7, '2024-12-10 23:07:08'),
(64, 8, '2024-12-10 23:07:08'),
(64, 9, '2024-12-10 23:07:08'),
(64, 10, '2024-12-10 23:07:08'),
(65, 3, '2024-12-10 23:07:08'),
(65, 9, '2024-12-10 23:07:08'),
(65, 10, '2024-12-10 23:07:08'),
(66, 1, '2024-12-10 23:07:08'),
(66, 2, '2024-12-10 23:07:08'),
(66, 4, '2024-12-10 23:07:08'),
(66, 6, '2024-12-10 23:07:08'),
(66, 7, '2024-12-10 23:07:08'),
(66, 8, '2024-12-10 23:07:08'),
(66, 9, '2024-12-10 23:07:08'),
(66, 10, '2024-12-10 23:07:08'),
(67, 1, '2024-12-10 23:07:08'),
(67, 2, '2024-12-10 23:07:08'),
(67, 3, '2024-12-10 23:07:08'),
(67, 4, '2024-12-10 23:07:08'),
(67, 6, '2024-12-10 23:07:08'),
(67, 8, '2024-12-10 23:07:08'),
(67, 10, '2024-12-10 23:07:08'),
(68, 1, '2024-12-10 23:07:08'),
(68, 2, '2024-12-10 23:07:08'),
(68, 5, '2024-12-10 23:07:08'),
(68, 8, '2024-12-10 23:07:08'),
(68, 10, '2024-12-10 23:07:08'),
(69, 1, '2024-12-10 23:07:08'),
(69, 2, '2024-12-10 23:07:08'),
(69, 5, '2024-12-10 23:07:08'),
(69, 6, '2024-12-10 23:07:08'),
(69, 7, '2024-12-10 23:07:08'),
(69, 8, '2024-12-10 23:07:08'),
(69, 9, '2024-12-10 23:07:08'),
(69, 10, '2024-12-10 23:07:08'),
(70, 1, '2024-12-10 23:07:08'),
(70, 6, '2024-12-10 23:07:08'),
(71, 2, '2024-12-10 23:07:08'),
(71, 3, '2024-12-10 23:07:08'),
(71, 4, '2024-12-10 23:07:08'),
(71, 5, '2024-12-10 23:07:08'),
(71, 6, '2024-12-10 23:07:08'),
(71, 7, '2024-12-10 23:07:08'),
(71, 8, '2024-12-10 23:07:08'),
(71, 9, '2024-12-10 23:07:08'),
(71, 10, '2024-12-10 23:07:08'),
(72, 2, '2024-12-10 23:07:08'),
(72, 6, '2024-12-10 23:07:08'),
(72, 7, '2024-12-10 23:07:08'),
(72, 8, '2024-12-10 23:07:08'),
(72, 9, '2024-12-10 23:07:08'),
(72, 10, '2024-12-10 23:07:08'),
(73, 2, '2024-12-10 23:07:08'),
(73, 9, '2024-12-10 23:07:08'),
(74, 1, '2024-12-10 23:07:08'),
(74, 2, '2024-12-10 23:07:08'),
(74, 3, '2024-12-10 23:07:08'),
(74, 4, '2024-12-10 23:07:08'),
(74, 5, '2024-12-10 23:07:08'),
(74, 6, '2024-12-10 23:07:08'),
(74, 7, '2024-12-10 23:07:08'),
(74, 8, '2024-12-10 23:07:08'),
(74, 9, '2024-12-10 23:07:08'),
(74, 10, '2024-12-10 23:07:08'),
(75, 5, '2024-12-10 23:07:08'),
(76, 1, '2024-12-10 23:07:08'),
(76, 2, '2024-12-10 23:07:08'),
(76, 4, '2024-12-10 23:07:08'),
(76, 5, '2024-12-10 23:07:08'),
(76, 6, '2024-12-10 23:07:08'),
(76, 7, '2024-12-10 23:07:08'),
(76, 8, '2024-12-10 23:07:08'),
(76, 9, '2024-12-10 23:07:08'),
(76, 10, '2024-12-10 23:07:08'),
(77, 1, '2024-12-10 23:07:08'),
(77, 2, '2024-12-10 23:07:08'),
(77, 4, '2024-12-10 23:07:08'),
(77, 6, '2024-12-10 23:07:08'),
(77, 7, '2024-12-10 23:07:08'),
(77, 8, '2024-12-10 23:07:08'),
(78, 2, '2024-12-10 23:07:08'),
(78, 3, '2024-12-10 23:07:08'),
(78, 4, '2024-12-10 23:07:08'),
(78, 6, '2024-12-10 23:07:08'),
(78, 10, '2024-12-10 23:07:08'),
(79, 1, '2024-12-10 23:07:08'),
(79, 2, '2024-12-10 23:07:08'),
(79, 3, '2024-12-10 23:07:08'),
(79, 4, '2024-12-10 23:07:08'),
(79, 5, '2024-12-10 23:07:08'),
(79, 6, '2024-12-10 23:07:08'),
(79, 7, '2024-12-10 23:07:08'),
(79, 8, '2024-12-10 23:07:08'),
(79, 9, '2024-12-10 23:07:08'),
(79, 10, '2024-12-10 23:07:08'),
(80, 1, '2024-12-10 23:07:08'),
(80, 6, '2024-12-10 23:07:08'),
(80, 7, '2024-12-10 23:07:08'),
(80, 8, '2024-12-10 23:07:08'),
(80, 9, '2024-12-10 23:07:08'),
(80, 10, '2024-12-10 23:07:08'),
(81, 1, '2024-12-10 23:07:08'),
(81, 2, '2024-12-10 23:07:08'),
(81, 3, '2024-12-10 23:07:08'),
(81, 4, '2024-12-10 23:07:08'),
(81, 5, '2024-12-10 23:07:08'),
(81, 9, '2024-12-10 23:07:08'),
(81, 10, '2024-12-10 23:07:08'),
(82, 3, '2024-12-10 23:07:08'),
(82, 4, '2024-12-10 23:07:08'),
(82, 7, '2024-12-10 23:07:08'),
(82, 8, '2024-12-10 23:07:08'),
(82, 10, '2024-12-10 23:07:08'),
(83, 6, '2024-12-10 23:07:08'),
(83, 9, '2024-12-10 23:07:08'),
(84, 1, '2024-12-10 23:07:08'),
(84, 3, '2024-12-10 23:07:08'),
(84, 4, '2024-12-10 23:07:08'),
(84, 5, '2024-12-10 23:07:08'),
(84, 6, '2024-12-10 23:07:08'),
(84, 7, '2024-12-10 23:07:08'),
(84, 8, '2024-12-10 23:07:08'),
(85, 4, '2024-12-10 23:07:08'),
(85, 10, '2024-12-10 23:07:08'),
(86, 1, '2024-12-10 23:07:08'),
(86, 2, '2024-12-10 23:07:08'),
(86, 3, '2024-12-10 23:07:08'),
(86, 4, '2024-12-10 23:07:08'),
(86, 5, '2024-12-10 23:07:08'),
(86, 6, '2024-12-10 23:07:08'),
(86, 7, '2024-12-10 23:07:08'),
(86, 8, '2024-12-10 23:07:08'),
(86, 9, '2024-12-10 23:07:08'),
(86, 10, '2024-12-10 23:07:08'),
(87, 1, '2024-12-10 23:07:08'),
(87, 3, '2024-12-10 23:07:08'),
(87, 5, '2024-12-10 23:07:08'),
(87, 9, '2024-12-10 23:07:08'),
(88, 2, '2024-12-10 23:07:08'),
(88, 3, '2024-12-10 23:07:08'),
(88, 5, '2024-12-10 23:07:08'),
(88, 6, '2024-12-10 23:07:08'),
(88, 8, '2024-12-10 23:07:08'),
(88, 9, '2024-12-10 23:07:08'),
(88, 10, '2024-12-10 23:07:08'),
(89, 2, '2024-12-10 23:07:08'),
(89, 3, '2024-12-10 23:07:08'),
(89, 4, '2024-12-10 23:07:08'),
(89, 5, '2024-12-10 23:07:08'),
(89, 7, '2024-12-10 23:07:08'),
(89, 8, '2024-12-10 23:07:08'),
(89, 9, '2024-12-10 23:07:08'),
(89, 10, '2024-12-10 23:07:08'),
(90, 2, '2024-12-10 23:07:08'),
(90, 6, '2024-12-10 23:07:08'),
(91, 1, '2024-12-10 23:07:08'),
(91, 2, '2024-12-10 23:07:08'),
(91, 3, '2024-12-10 23:07:08'),
(91, 4, '2024-12-10 23:07:08'),
(91, 5, '2024-12-10 23:07:08'),
(91, 6, '2024-12-10 23:07:08'),
(91, 7, '2024-12-10 23:07:08'),
(91, 9, '2024-12-10 23:07:08'),
(92, 1, '2024-12-10 23:07:08'),
(92, 8, '2024-12-10 23:07:08'),
(93, 2, '2024-12-10 23:07:08'),
(93, 9, '2024-12-10 23:07:08'),
(94, 2, '2024-12-10 23:07:08'),
(94, 9, '2024-12-10 23:07:08'),
(94, 10, '2024-12-10 23:07:08'),
(95, 2, '2024-12-10 23:07:08'),
(95, 4, '2024-12-10 23:07:08'),
(95, 7, '2024-12-10 23:07:08'),
(95, 8, '2024-12-10 23:07:08'),
(96, 1, '2024-12-10 23:07:08'),
(96, 2, '2024-12-10 23:07:08'),
(96, 4, '2024-12-10 23:07:08'),
(96, 5, '2024-12-10 23:07:08'),
(96, 6, '2024-12-10 23:07:08'),
(96, 7, '2024-12-10 23:07:08'),
(96, 8, '2024-12-10 23:07:08'),
(96, 9, '2024-12-10 23:07:08'),
(96, 10, '2024-12-10 23:07:08'),
(97, 1, '2024-12-10 23:07:08'),
(97, 2, '2024-12-10 23:07:08'),
(97, 3, '2024-12-10 23:07:08'),
(97, 4, '2024-12-10 23:07:08'),
(97, 5, '2024-12-10 23:07:08'),
(97, 6, '2024-12-10 23:07:08'),
(97, 7, '2024-12-10 23:07:08'),
(97, 8, '2024-12-10 23:07:08'),
(97, 9, '2024-12-10 23:07:08'),
(97, 10, '2024-12-10 23:07:08'),
(98, 4, '2024-12-10 23:07:08'),
(98, 5, '2024-12-10 23:07:08'),
(98, 7, '2024-12-10 23:07:08'),
(99, 1, '2024-12-10 23:07:08'),
(99, 2, '2024-12-10 23:07:08'),
(99, 3, '2024-12-10 23:07:08'),
(99, 4, '2024-12-10 23:07:08'),
(99, 5, '2024-12-10 23:07:08'),
(99, 6, '2024-12-10 23:07:08'),
(99, 7, '2024-12-10 23:07:08'),
(99, 9, '2024-12-10 23:07:08'),
(99, 10, '2024-12-10 23:07:08'),
(100, 1, '2024-12-10 23:07:08'),
(100, 2, '2024-12-10 23:07:08'),
(100, 3, '2024-12-10 23:07:08'),
(100, 4, '2024-12-10 23:07:08'),
(100, 5, '2024-12-10 23:07:08'),
(100, 7, '2024-12-10 23:07:08'),
(100, 8, '2024-12-10 23:07:08'),
(100, 10, '2024-12-10 23:07:08'),
(101, 3, '2024-12-10 23:07:08'),
(101, 7, '2024-12-10 23:07:08'),
(101, 8, '2024-12-10 23:07:08'),
(102, 5, '2024-12-10 23:07:08'),
(102, 8, '2024-12-10 23:07:08'),
(103, 1, '2024-12-10 23:07:08'),
(103, 6, '2024-12-10 23:07:08'),
(103, 7, '2024-12-10 23:07:08'),
(104, 2, '2024-12-10 23:07:08'),
(105, 1, '2024-12-10 23:07:08'),
(105, 2, '2024-12-10 23:07:08'),
(105, 4, '2024-12-10 23:07:08'),
(105, 7, '2024-12-10 23:07:08'),
(105, 8, '2024-12-10 23:07:08'),
(105, 9, '2024-12-10 23:07:08'),
(105, 10, '2024-12-10 23:07:08'),
(106, 1, '2024-12-10 23:07:08'),
(106, 5, '2024-12-10 23:07:08'),
(107, 1, '2024-12-10 23:07:08'),
(107, 2, '2024-12-10 23:07:08'),
(107, 3, '2024-12-10 23:07:08'),
(107, 5, '2024-12-10 23:07:08'),
(107, 6, '2024-12-10 23:07:08'),
(107, 7, '2024-12-10 23:07:08'),
(107, 8, '2024-12-10 23:07:08'),
(107, 9, '2024-12-10 23:07:08'),
(107, 10, '2024-12-10 23:07:08'),
(108, 4, '2024-12-10 23:07:08'),
(108, 5, '2024-12-10 23:07:08'),
(108, 7, '2024-12-10 23:07:08'),
(108, 8, '2024-12-10 23:07:08'),
(108, 9, '2024-12-10 23:07:08'),
(108, 10, '2024-12-10 23:07:08'),
(109, 1, '2024-12-10 23:07:08'),
(109, 3, '2024-12-10 23:07:08'),
(109, 6, '2024-12-10 23:07:08'),
(109, 7, '2024-12-10 23:07:08'),
(109, 9, '2024-12-10 23:07:08'),
(109, 10, '2024-12-10 23:07:08'),
(110, 3, '2024-12-10 23:07:08'),
(110, 6, '2024-12-10 23:07:08'),
(111, 1, '2024-12-10 23:07:08'),
(111, 2, '2024-12-10 23:07:08'),
(111, 3, '2024-12-10 23:07:08'),
(111, 4, '2024-12-10 23:07:08'),
(111, 5, '2024-12-10 23:07:08'),
(111, 6, '2024-12-10 23:07:08'),
(111, 7, '2024-12-10 23:07:08'),
(111, 8, '2024-12-10 23:07:08'),
(111, 9, '2024-12-10 23:07:08'),
(112, 2, '2024-12-10 23:07:08'),
(112, 3, '2024-12-10 23:07:08'),
(112, 5, '2024-12-10 23:07:08'),
(112, 6, '2024-12-10 23:07:08'),
(112, 8, '2024-12-10 23:07:08'),
(112, 9, '2024-12-10 23:07:08'),
(112, 10, '2024-12-10 23:07:08'),
(113, 3, '2024-12-10 23:07:08'),
(113, 4, '2024-12-10 23:07:08'),
(113, 5, '2024-12-10 23:07:08'),
(113, 6, '2024-12-10 23:07:08'),
(113, 7, '2024-12-10 23:07:08'),
(113, 8, '2024-12-10 23:07:08'),
(113, 9, '2024-12-10 23:07:08'),
(114, 1, '2024-12-10 23:07:08'),
(114, 3, '2024-12-10 23:07:08'),
(114, 4, '2024-12-10 23:07:08'),
(114, 5, '2024-12-10 23:07:08'),
(114, 6, '2024-12-10 23:07:08'),
(114, 7, '2024-12-10 23:07:08'),
(114, 10, '2024-12-10 23:07:08'),
(115, 1, '2024-12-10 23:07:08'),
(115, 2, '2024-12-10 23:07:08'),
(115, 4, '2024-12-10 23:07:08'),
(115, 5, '2024-12-10 23:07:08'),
(115, 6, '2024-12-10 23:07:08'),
(115, 7, '2024-12-10 23:07:08'),
(115, 8, '2024-12-10 23:07:08'),
(115, 10, '2024-12-10 23:07:08'),
(116, 1, '2024-12-10 23:07:08'),
(116, 2, '2024-12-10 23:07:08'),
(116, 3, '2024-12-10 23:07:08'),
(116, 4, '2024-12-10 23:07:08'),
(116, 5, '2024-12-10 23:07:08'),
(116, 6, '2024-12-10 23:07:08'),
(116, 7, '2024-12-10 23:07:08'),
(116, 8, '2024-12-10 23:07:08'),
(116, 9, '2024-12-10 23:07:08'),
(116, 10, '2024-12-10 23:07:08'),
(117, 3, '2024-12-10 23:07:08'),
(117, 5, '2024-12-10 23:07:08'),
(117, 9, '2024-12-10 23:07:08'),
(117, 10, '2024-12-10 23:07:08'),
(118, 1, '2024-12-10 23:07:08'),
(118, 2, '2024-12-10 23:07:08'),
(118, 3, '2024-12-10 23:07:08'),
(118, 4, '2024-12-10 23:07:08'),
(118, 5, '2024-12-10 23:07:08'),
(118, 6, '2024-12-10 23:07:08'),
(118, 7, '2024-12-10 23:07:08'),
(118, 8, '2024-12-10 23:07:08'),
(118, 9, '2024-12-10 23:07:08'),
(119, 1, '2024-12-10 23:07:08'),
(119, 2, '2024-12-10 23:07:08'),
(119, 3, '2024-12-10 23:07:08'),
(119, 5, '2024-12-10 23:07:08'),
(119, 6, '2024-12-10 23:07:08'),
(119, 7, '2024-12-10 23:07:08'),
(119, 8, '2024-12-10 23:07:08'),
(119, 9, '2024-12-10 23:07:08'),
(119, 10, '2024-12-10 23:07:08'),
(120, 2, '2024-12-10 23:07:08'),
(120, 5, '2024-12-10 23:07:08'),
(120, 10, '2024-12-10 23:07:08'),
(121, 9, '2024-12-10 23:07:08'),
(121, 10, '2024-12-10 23:07:08'),
(122, 1, '2024-12-10 23:07:08'),
(122, 2, '2024-12-10 23:07:08'),
(122, 3, '2024-12-10 23:07:08'),
(122, 4, '2024-12-10 23:07:08'),
(122, 5, '2024-12-10 23:07:08'),
(122, 6, '2024-12-10 23:07:08'),
(122, 7, '2024-12-10 23:07:08'),
(122, 8, '2024-12-10 23:07:08'),
(122, 9, '2024-12-10 23:07:08'),
(122, 10, '2024-12-10 23:07:08'),
(123, 1, '2024-12-10 23:07:08'),
(123, 8, '2024-12-10 23:07:08'),
(124, 2, '2024-12-10 23:07:08'),
(124, 3, '2024-12-10 23:07:08'),
(124, 5, '2024-12-10 23:07:08'),
(124, 6, '2024-12-10 23:07:08'),
(124, 7, '2024-12-10 23:07:08'),
(124, 10, '2024-12-10 23:07:08'),
(125, 2, '2024-12-10 23:07:08'),
(125, 5, '2024-12-10 23:07:08'),
(125, 8, '2024-12-10 23:07:08'),
(127, 2, '2024-12-10 23:07:08'),
(127, 3, '2024-12-10 23:07:08'),
(127, 4, '2024-12-10 23:07:08'),
(127, 5, '2024-12-10 23:07:08'),
(127, 6, '2024-12-10 23:07:08'),
(127, 8, '2024-12-10 23:07:08'),
(127, 9, '2024-12-10 23:07:08'),
(128, 1, '2024-12-10 23:07:08'),
(128, 2, '2024-12-10 23:07:08'),
(128, 5, '2024-12-10 23:07:08'),
(128, 10, '2024-12-10 23:07:08'),
(129, 3, '2024-12-10 23:07:08'),
(129, 6, '2024-12-10 23:07:08'),
(129, 8, '2024-12-10 23:07:08'),
(129, 10, '2024-12-10 23:07:08'),
(130, 1, '2024-12-10 23:07:08'),
(130, 2, '2024-12-10 23:07:08'),
(131, 2, '2024-12-10 23:07:08'),
(131, 4, '2024-12-10 23:07:08'),
(131, 5, '2024-12-10 23:07:08'),
(131, 7, '2024-12-10 23:07:08'),
(132, 1, '2024-12-10 23:07:08'),
(132, 2, '2024-12-10 23:07:08'),
(132, 3, '2024-12-10 23:07:08'),
(132, 6, '2024-12-10 23:07:08'),
(132, 9, '2024-12-10 23:07:08'),
(133, 6, '2024-12-10 23:07:08'),
(133, 7, '2024-12-10 23:07:08'),
(134, 3, '2024-12-10 23:07:08'),
(134, 10, '2024-12-10 23:07:08'),
(135, 1, '2024-12-10 23:07:08'),
(135, 2, '2024-12-10 23:07:08'),
(135, 3, '2024-12-10 23:07:08'),
(135, 4, '2024-12-10 23:07:08'),
(135, 5, '2024-12-10 23:07:08'),
(135, 6, '2024-12-10 23:07:08'),
(135, 7, '2024-12-10 23:07:08'),
(135, 8, '2024-12-10 23:07:08'),
(135, 9, '2024-12-10 23:07:08'),
(135, 10, '2024-12-10 23:07:08'),
(136, 1, '2024-12-10 23:07:08'),
(136, 2, '2024-12-10 23:07:08'),
(136, 3, '2024-12-10 23:07:08'),
(136, 4, '2024-12-10 23:07:08'),
(136, 6, '2024-12-10 23:07:08'),
(136, 7, '2024-12-10 23:07:08'),
(136, 9, '2024-12-10 23:07:08'),
(137, 6, '2024-12-10 23:07:08'),
(137, 8, '2024-12-10 23:07:08'),
(138, 1, '2024-12-10 23:07:08'),
(138, 2, '2024-12-10 23:07:08'),
(138, 3, '2024-12-10 23:07:08'),
(138, 4, '2024-12-10 23:07:08'),
(138, 5, '2024-12-10 23:07:08'),
(138, 8, '2024-12-10 23:07:08'),
(138, 10, '2024-12-10 23:07:08'),
(139, 4, '2024-12-10 23:07:08'),
(139, 5, '2024-12-10 23:07:08'),
(139, 7, '2024-12-10 23:07:08'),
(139, 8, '2024-12-10 23:07:08'),
(139, 10, '2024-12-10 23:07:08'),
(140, 3, '2024-12-10 23:07:08'),
(140, 4, '2024-12-10 23:07:08'),
(141, 5, '2024-12-10 23:07:08'),
(141, 8, '2024-12-10 23:07:08'),
(142, 1, '2024-12-10 23:07:08'),
(142, 2, '2024-12-10 23:07:08'),
(142, 3, '2024-12-10 23:07:08'),
(142, 7, '2024-12-10 23:07:08'),
(143, 1, '2024-12-10 23:07:08'),
(143, 2, '2024-12-10 23:07:08'),
(143, 3, '2024-12-10 23:07:08'),
(143, 4, '2024-12-10 23:07:08'),
(143, 5, '2024-12-10 23:07:08'),
(143, 6, '2024-12-10 23:07:08'),
(143, 8, '2024-12-10 23:07:08'),
(143, 9, '2024-12-10 23:07:08'),
(144, 1, '2024-12-10 23:07:08'),
(144, 2, '2024-12-10 23:07:08'),
(144, 3, '2024-12-10 23:07:08'),
(144, 4, '2024-12-10 23:07:08'),
(144, 5, '2024-12-10 23:07:08'),
(144, 6, '2024-12-10 23:07:08'),
(144, 7, '2024-12-10 23:07:08'),
(144, 8, '2024-12-10 23:07:08'),
(144, 9, '2024-12-10 23:07:08'),
(144, 10, '2024-12-10 23:07:08'),
(145, 1, '2024-12-10 23:07:08'),
(145, 2, '2024-12-10 23:07:08'),
(145, 5, '2024-12-10 23:07:08'),
(145, 6, '2024-12-10 23:07:08'),
(145, 9, '2024-12-10 23:07:08'),
(145, 10, '2024-12-10 23:07:08'),
(146, 1, '2024-12-10 23:07:08'),
(146, 2, '2024-12-10 23:07:08'),
(146, 3, '2024-12-10 23:07:08'),
(146, 4, '2024-12-10 23:07:08'),
(146, 5, '2024-12-10 23:07:08'),
(146, 6, '2024-12-10 23:07:08'),
(146, 7, '2024-12-10 23:07:08'),
(146, 9, '2024-12-10 23:07:08'),
(146, 10, '2024-12-10 23:07:08'),
(147, 1, '2024-12-10 23:07:08'),
(147, 3, '2024-12-10 23:07:08'),
(147, 6, '2024-12-10 23:07:08'),
(147, 7, '2024-12-10 23:07:08'),
(147, 8, '2024-12-10 23:07:08'),
(147, 9, '2024-12-10 23:07:08'),
(147, 10, '2024-12-10 23:07:08'),
(148, 2, '2024-12-10 23:07:08'),
(148, 3, '2024-12-10 23:07:08'),
(148, 5, '2024-12-10 23:07:08'),
(148, 6, '2024-12-10 23:07:08'),
(148, 7, '2024-12-10 23:07:08'),
(148, 8, '2024-12-10 23:07:08'),
(149, 1, '2024-12-10 23:07:08'),
(149, 2, '2024-12-10 23:07:08'),
(149, 4, '2024-12-10 23:07:08'),
(150, 5, '2024-12-10 23:07:08'),
(150, 7, '2024-12-10 23:07:08'),
(150, 9, '2024-12-10 23:07:08'),
(151, 3, '2024-12-10 23:07:08'),
(151, 4, '2024-12-10 23:07:08'),
(151, 7, '2024-12-10 23:07:08'),
(151, 8, '2024-12-10 23:07:08');

-- --------------------------------------------------------

--
-- Estructura de tabla para la tabla `evaluations`
--

CREATE TABLE `evaluations` (
  `id` bigint(20) UNSIGNED NOT NULL,
  `matiere_id` int(11) NOT NULL,
  `prof_id` int(11) NOT NULL,
  `date_evaluation` date NOT NULL,
  `created_at` timestamp NOT NULL DEFAULT current_timestamp(),
  `updated_at` timestamp NOT NULL DEFAULT current_timestamp() ON UPDATE current_timestamp(),
  `type` enum('Contrôle continu','Examen','TP','Projet','Oral') NOT NULL DEFAULT 'Contrôle continu',
  `description` text DEFAULT NULL
) ENGINE=InnoDB DEFAULT CHARSET=utf8mb4 COLLATE=utf8mb4_unicode_ci;

-- --------------------------------------------------------

--
-- Estructura de tabla para la tabla `evaluation_notes`
--

CREATE TABLE `evaluation_notes` (
  `id` int(11) NOT NULL,
  `evaluation_id` bigint(20) UNSIGNED NOT NULL,
  `etudiant_id` int(11) NOT NULL,
  `note` float DEFAULT NULL,
  `commentaire` text DEFAULT NULL,
  `created_at` timestamp NOT NULL DEFAULT current_timestamp(),
  `updated_at` timestamp NOT NULL DEFAULT current_timestamp() ON UPDATE current_timestamp()
) ENGINE=InnoDB DEFAULT CHARSET=utf8mb4 COLLATE=utf8mb4_unicode_ci;

-- --------------------------------------------------------

--
-- Estructura de tabla para la tabla `matieres`
--

CREATE TABLE `matieres` (
  `id` int(11) NOT NULL,
  `nom` varchar(100) NOT NULL,
  `description` text DEFAULT NULL,
  `created_at` timestamp NOT NULL DEFAULT current_timestamp(),
  `updated_at` timestamp NOT NULL DEFAULT current_timestamp() ON UPDATE current_timestamp()
) ENGINE=InnoDB DEFAULT CHARSET=utf8mb4 COLLATE=utf8mb4_unicode_ci;

--
-- Volcado de datos para la tabla `matieres`
--

INSERT INTO `matieres` (`id`, `nom`, `description`, `created_at`, `updated_at`) VALUES
(1, 'Programmation Orientée Objet', 'Introduction aux concepts de la programmation orientée objet, y compris les classes, les objets, l\'héritage et le polymorphisme.', '2024-12-10 22:56:20', '2024-12-10 22:56:20'),
(2, 'Développement Web', 'Apprentissage des technologies de développement web telles que HTML, CSS, JavaScript, et frameworks modernes.', '2024-12-10 22:56:20', '2024-12-10 22:56:20'),
(3, 'Bases de Données', 'Étude des systèmes de gestion de bases de données relationnelles et non relationnelles, y compris SQL.', '2024-12-10 22:56:20', '2024-12-10 22:56:20'),
(4, 'Algorithmes et Structures de Données', 'Conception et analyse d\'algorithmes et structures de données pour résoudre des problèmes complexes.', '2024-12-10 22:56:20', '2024-12-10 22:56:20'),
(5, 'Développement Mobile', 'Création d\'applications mobiles pour Android et iOS en utilisant des outils et des langages modernes.', '2024-12-10 22:56:20', '2024-12-10 22:56:20'),
(6, 'Sécurité Informatique', 'Principes de sécurité informatique, y compris la cryptographie, la sécurité réseau et la protection des données.', '2024-12-10 22:56:20', '2024-12-10 22:56:20'),
(7, 'Intelligence Artificielle', 'Introduction aux concepts de l\'intelligence artificielle, y compris l\'apprentissage automatique et le traitement du langage naturel.', '2024-12-10 22:56:20', '2024-12-10 22:56:20'),
(8, 'DevOps', 'Pratiques de DevOps pour l\'intégration continue, le déploiement continu et l\'automatisation des infrastructures.', '2024-12-10 22:56:20', '2024-12-10 22:56:20'),
(9, 'Cloud Computing', 'Utilisation des services de cloud computing pour le développement et le déploiement d\'applications évolutives.', '2024-12-10 22:56:20', '2024-12-10 22:56:20'),
(10, 'Développement de Jeux Vidéo', 'Création de jeux vidéo en utilisant des moteurs de jeu et des techniques de conception de jeux.', '2024-12-10 22:56:20', '2024-12-10 22:56:20');

-- --------------------------------------------------------

--
-- Estructura de tabla para la tabla `password_resets`
--

CREATE TABLE `password_resets` (
  `id` int(11) NOT NULL,
  `user_id` int(11) NOT NULL,
  `token` varchar(255) NOT NULL,
  `expires_at` datetime NOT NULL,
  `created_at` timestamp NOT NULL DEFAULT current_timestamp()
) ENGINE=InnoDB DEFAULT CHARSET=utf8mb4 COLLATE=utf8mb4_unicode_ci;

-- --------------------------------------------------------

--
-- Estructura de tabla para la tabla `photos`
--

CREATE TABLE `photos` (
  `id` int(11) NOT NULL,
  `user_id` int(11) NOT NULL,
  `filename` varchar(255) NOT NULL
) ENGINE=InnoDB DEFAULT CHARSET=utf8mb4 COLLATE=utf8mb4_unicode_ci;

-- --------------------------------------------------------

--
-- Estructura de tabla para la tabla `prof_matieres`
--

CREATE TABLE `prof_matieres` (
  `prof_id` int(11) NOT NULL,
  `matiere_id` int(11) NOT NULL,
  `created_at` timestamp NOT NULL DEFAULT current_timestamp()
) ENGINE=InnoDB DEFAULT CHARSET=utf8mb4 COLLATE=utf8mb4_unicode_ci;

--
-- Volcado de datos para la tabla `prof_matieres`
--

INSERT INTO `prof_matieres` (`prof_id`, `matiere_id`, `created_at`) VALUES
(1, 2, '2024-12-10 22:59:35'),
(1, 3, '2024-12-10 22:59:35'),
(1, 5, '2024-12-10 22:59:35'),
(2, 2, '2024-12-10 22:59:35'),
(2, 7, '2024-12-10 22:59:35'),
(2, 8, '2024-12-10 22:59:35'),
(3, 2, '2024-12-10 22:59:35'),
(3, 4, '2024-12-10 22:59:35'),
(3, 6, '2024-12-10 22:59:35'),
(3, 9, '2024-12-10 22:59:35'),
(4, 1, '2024-12-10 22:59:35'),
(4, 5, '2024-12-10 22:59:35'),
(4, 8, '2024-12-10 22:59:35'),
(5, 1, '2024-12-10 22:59:35'),
(5, 5, '2024-12-10 22:59:35'),
(5, 7, '2024-12-10 22:59:35'),
(5, 8, '2024-12-10 22:59:35'),
(6, 1, '2024-12-10 22:59:35'),
(6, 8, '2024-12-10 22:59:35'),
(6, 10, '2024-12-10 22:59:35'),
(7, 1, '2024-12-10 22:59:35'),
(7, 2, '2024-12-10 22:59:35'),
(7, 6, '2024-12-10 22:59:35'),
(7, 8, '2024-12-10 22:59:35'),
(7, 10, '2024-12-10 22:59:35'),
(8, 3, '2024-12-10 22:59:35'),
(8, 4, '2024-12-10 22:59:35'),
(8, 9, '2024-12-10 22:59:35'),
(8, 10, '2024-12-10 22:59:35'),
(10, 2, '2024-12-10 22:59:35'),
(10, 3, '2024-12-10 22:59:35'),
(10, 4, '2024-12-10 22:59:35'),
(10, 9, '2024-12-10 22:59:35'),
(11, 3, '2024-12-10 22:59:35'),
(11, 5, '2024-12-10 22:59:35'),
(11, 8, '2024-12-10 22:59:35'),
(11, 9, '2024-12-10 22:59:35'),
(12, 1, '2024-12-10 22:59:35'),
(12, 3, '2024-12-10 22:59:35'),
(12, 6, '2024-12-10 22:59:35'),
(12, 7, '2024-12-10 22:59:35'),
(13, 1, '2024-12-10 22:59:35'),
(13, 3, '2024-12-10 22:59:35'),
(13, 7, '2024-12-10 22:59:35'),
(14, 1, '2024-12-10 22:59:35'),
(14, 10, '2024-12-10 22:59:35'),
(15, 1, '2024-12-10 22:59:35'),
(15, 10, '2024-12-10 22:59:35'),
(16, 1, '2024-12-10 22:59:35'),
(16, 2, '2024-12-10 22:59:35'),
(16, 3, '2024-12-10 22:59:35'),
(16, 8, '2024-12-10 22:59:35'),
(16, 10, '2024-12-10 22:59:35'),
(17, 3, '2024-12-10 22:59:35'),
(17, 7, '2024-12-10 22:59:35'),
(17, 8, '2024-12-10 22:59:35'),
(18, 1, '2024-12-10 22:59:35'),
(18, 2, '2024-12-10 22:59:35'),
(18, 3, '2024-12-10 22:59:35'),
(18, 8, '2024-12-10 22:59:35'),
(18, 10, '2024-12-10 22:59:35'),
(19, 1, '2024-12-10 22:59:35'),
(19, 2, '2024-12-10 22:59:35'),
(19, 4, '2024-12-10 22:59:35'),
(19, 5, '2024-12-10 22:59:35'),
(19, 10, '2024-12-10 22:59:35'),
(20, 3, '2024-12-10 22:59:35'),
(20, 5, '2024-12-10 22:59:35'),
(21, 2, '2024-12-10 22:59:35'),
(21, 4, '2024-12-10 22:59:35'),
(21, 7, '2024-12-10 22:59:35'),
(21, 10, '2024-12-10 22:59:35'),
(22, 1, '2024-12-10 22:59:35'),
(22, 7, '2024-12-10 22:59:35'),
(22, 8, '2024-12-10 22:59:35'),
(23, 4, '2024-12-10 22:59:35'),
(23, 6, '2024-12-10 22:59:35'),
(23, 9, '2024-12-10 22:59:35'),
(23, 10, '2024-12-10 22:59:35'),
(24, 1, '2024-12-10 22:59:35'),
(24, 2, '2024-12-10 22:59:35'),
(24, 7, '2024-12-10 22:59:35'),
(25, 4, '2024-12-10 22:59:35'),
(25, 7, '2024-12-10 22:59:35');

-- --------------------------------------------------------

--
-- Estructura de tabla para la tabla `roles`
--

CREATE TABLE `roles` (
  `id` int(11) NOT NULL,
  `name` varchar(50) NOT NULL,
  `created_at` timestamp NOT NULL DEFAULT current_timestamp(),
  `updated_at` timestamp NOT NULL DEFAULT current_timestamp() ON UPDATE current_timestamp()
) ENGINE=InnoDB DEFAULT CHARSET=utf8mb4 COLLATE=utf8mb4_unicode_ci;

--
-- Volcado de datos para la tabla `roles`
--

INSERT INTO `roles` (`id`, `name`, `created_at`, `updated_at`) VALUES
(1, 'admin', '2024-11-25 00:08:45', '2024-11-25 00:08:45'),
(2, 'professeur', '2024-11-25 00:08:45', '2024-11-25 00:08:45'),
(3, 'etudiant', '2024-11-25 00:08:45', '2024-11-25 00:08:45');

-- --------------------------------------------------------

--
-- Estructura de tabla para la tabla `users`
--

CREATE TABLE `users` (
  `id` int(11) NOT NULL,
  `nom` varchar(100) NOT NULL,
  `prenom` varchar(100) NOT NULL,
  `email` varchar(255) NOT NULL,
  `password` varchar(255) NOT NULL,
  `adresse` text DEFAULT NULL,
  `role_id` int(11) DEFAULT NULL,
  `is_admin` tinyint(1) DEFAULT 0,
  `created_at` timestamp NOT NULL DEFAULT current_timestamp(),
  `updated_at` timestamp NOT NULL DEFAULT current_timestamp() ON UPDATE current_timestamp()
) ENGINE=InnoDB DEFAULT CHARSET=utf8mb4 COLLATE=utf8mb4_unicode_ci;

--
-- Volcado de datos para la tabla `users`
--

INSERT INTO `users` (`id`, `nom`, `prenom`, `email`, `password`, `adresse`, `role_id`, `is_admin`, `created_at`, `updated_at`) VALUES
(1, 'Dubois', 'Marie', 'marie.dubois@univ-fr.net', '$2y$10$piGgAUXTDpg..RCGQHEi.Oaqt6mrB3Uno38CsYijUPVszE3LO9t8.', '745 rue de l\'olivier', 2, 1, '2024-12-05 18:46:04', '2025-01-24 20:48:00'),
(2, 'Lambert', 'Pierre', 'pierre.lambert@univ-fr.net', '$2y$10$piGgAUXTDpg..RCGQHEi.Oaqt6mrB3Uno38CsYijUPVszE3LO9t8.', NULL, 2, 1, '2024-12-05 18:46:04', '2025-01-17 14:39:16'),
(3, 'Martin', 'Sophie', 'sophie.martin@univ-fr.net', '$2y$10$piGgAUXTDpg..RCGQHEi.Oaqt6mrB3Uno38CsYijUPVszE3LO9t8.', NULL, 2, 0, '2024-12-05 18:46:04', '2025-01-17 14:39:16'),
(4, 'Bernard', 'Thomas', 'thomas.bernard@univ-fr.net', '$2y$10$piGgAUXTDpg..RCGQHEi.Oaqt6mrB3Uno38CsYijUPVszE3LO9t8.', NULL, 2, 0, '2024-12-05 18:46:04', '2025-01-17 14:39:16'),
(5, 'Petit', 'Claire', 'claire.petit@univ-fr.net', '$2y$10$piGgAUXTDpg..RCGQHEi.Oaqt6mrB3Uno38CsYijUPVszE3LO9t8.', NULL, 2, 0, '2024-12-05 18:46:04', '2025-01-17 14:39:16'),
(6, 'Robert', 'François', 'francois.robert@univ-fr.net', '$2y$10$piGgAUXTDpg..RCGQHEi.Oaqt6mrB3Uno38CsYijUPVszE3LO9t8.', NULL, 2, 0, '2024-12-05 18:46:04', '2025-01-17 14:39:16'),
(7, 'Richard', 'Anne', 'anne.richard@univ-fr.net', '$2y$10$piGgAUXTDpg..RCGQHEi.Oaqt6mrB3Uno38CsYijUPVszE3LO9t8.', NULL, 2, 0, '2024-12-05 18:46:04', '2025-01-17 14:39:16'),
(8, 'Moreau', 'Jean', 'jean.moreau@univ-fr.net', '$2y$10$piGgAUXTDpg..RCGQHEi.Oaqt6mrB3Uno38CsYijUPVszE3LO9t8.', NULL, 2, 0, '2024-12-05 18:46:04', '2025-01-17 14:39:16'),
(10, 'Michel', 'Laurent', 'laurent.michel@univ-fr.net', '$2y$10$piGgAUXTDpg..RCGQHEi.Oaqt6mrB3Uno38CsYijUPVszE3LO9t8.', NULL, 2, 0, '2024-12-05 18:46:04', '2025-01-17 14:39:16'),
(11, 'Lefebvre', 'Catherine', 'catherine.lefebvre@univ-fr.net', '$2y$10$piGgAUXTDpg..RCGQHEi.Oaqt6mrB3Uno38CsYijUPVszE3LO9t8.', NULL, 2, 0, '2024-12-05 18:46:04', '2025-01-17 14:39:16'),
(12, 'Garcia', 'Miguel', 'miguel.garcia@univ-fr.net', '$2y$10$piGgAUXTDpg..RCGQHEi.Oaqt6mrB3Uno38CsYijUPVszE3LO9t8.', NULL, 2, 0, '2024-12-05 18:46:04', '2025-01-17 14:39:16'),
(13, 'Schmidt', 'Hans', 'hans.schmidt@univ-fr.net', '$2y$10$piGgAUXTDpg..RCGQHEi.Oaqt6mrB3Uno38CsYijUPVszE3LO9t8.', NULL, 2, 0, '2024-12-05 18:46:04', '2025-01-17 14:39:16'),
(14, 'Rossi', 'Elena', 'elena.rossi@univ-fr.net', '$2y$10$piGgAUXTDpg..RCGQHEi.Oaqt6mrB3Uno38CsYijUPVszE3LO9t8.', NULL, 2, 0, '2024-12-05 18:46:04', '2025-01-17 14:39:16'),
(15, 'Anderson', 'John', 'john.anderson@univ-fr.net', '$2y$10$piGgAUXTDpg..RCGQHEi.Oaqt6mrB3Uno38CsYijUPVszE3LO9t8.', NULL, 2, 0, '2024-12-05 18:46:04', '2025-01-17 14:39:16'),
(16, 'Muller', 'Anna', 'anna.muller@univ-fr.net', '$2y$10$piGgAUXTDpg..RCGQHEi.Oaqt6mrB3Uno38CsYijUPVszE3LO9t8.', NULL, 2, 0, '2024-12-05 18:46:04', '2025-01-17 14:39:16'),
(17, 'Dupont', 'Philippe', 'philippe.dupont@univ-fr.net', '$2y$10$piGgAUXTDpg..RCGQHEi.Oaqt6mrB3Uno38CsYijUPVszE3LO9t8.', NULL, 2, 0, '2024-12-05 18:46:04', '2025-01-17 14:39:16'),
(18, 'Leroy', 'Sylvie', 'sylvie.leroy@univ-fr.net', '$2y$10$piGgAUXTDpg..RCGQHEi.Oaqt6mrB3Uno38CsYijUPVszE3LO9t8.', NULL, 2, 0, '2024-12-05 18:46:04', '2025-01-17 14:39:16'),
(19, 'Fischer', 'Klaus', 'klaus.fischer@univ-fr.net', '$2y$10$piGgAUXTDpg..RCGQHEi.Oaqt6mrB3Uno38CsYijUPVszE3LO9t8.', NULL, 2, 0, '2024-12-05 18:46:04', '2025-01-17 14:39:16'),
(20, 'Silva', 'Maria', 'maria.silva@univ-fr.net', '$2y$10$piGgAUXTDpg..RCGQHEi.Oaqt6mrB3Uno38CsYijUPVszE3LO9t8.', NULL, 2, 0, '2024-12-05 18:46:04', '2025-01-17 14:39:16'),
(21, 'Kovac', 'Ana', 'ana.kovac@univ-fr.net', '$2y$10$piGgAUXTDpg..RCGQHEi.Oaqt6mrB3Uno38CsYijUPVszE3LO9t8.', NULL, 2, 0, '2024-12-05 18:46:04', '2025-01-17 14:39:16'),
(22, 'Svensson', 'Erik', 'erik.svensson@univ-fr.net', '$2y$10$piGgAUXTDpg..RCGQHEi.Oaqt6mrB3Uno38CsYijUPVszE3LO9t8.', NULL, 2, 0, '2024-12-05 18:46:04', '2025-01-17 14:39:16'),
(23, 'Rousseau', 'Mathilde', 'mathilde.rousseau@univ-fr.net', '$2y$10$piGgAUXTDpg..RCGQHEi.Oaqt6mrB3Uno38CsYijUPVszE3LO9t8.', NULL, 2, 0, '2024-12-05 18:46:04', '2025-01-17 14:39:16'),
(24, 'Peeters', 'Lucas', 'lucas.peeters@univ-fr.net', '$2y$10$piGgAUXTDpg..RCGQHEi.Oaqt6mrB3Uno38CsYijUPVszE3LO9t8.', NULL, 2, 0, '2024-12-05 18:46:04', '2025-01-17 14:39:16'),
(25, 'Nielsen', 'Emma', 'emma.nielsen@univ-fr.net', '$2y$10$piGgAUXTDpg..RCGQHEi.Oaqt6mrB3Uno38CsYijUPVszE3LO9t8.', NULL, 2, 0, '2024-12-05 18:46:04', '2025-01-17 14:39:16'),
(37, 'edu', 'edu', 'edu.edu@univ-fr.net', '$2y$10$piGgAUXTDpg..RCGQHEi.Oaqt6mrB3Uno38CsYijUPVszE3LO9t8.', '458 rue de la republique', 3, 0, '2024-12-10 11:38:36', '2025-01-17 14:39:16'),
(38, 'Dupont', 'Alice', 'alice.dupont@univ-fr.net', '$2y$10$piGgAUXTDpg..RCGQHEi.Oaqt6mrB3Uno38CsYijUPVszE3LO9t8.', NULL, 3, 0, '2024-12-10 23:14:10', '2025-01-17 14:39:16'),
(39, 'Martin', 'Lucas', 'lucas.martin@univ-fr.net', '$2y$10$piGgAUXTDpg..RCGQHEi.Oaqt6mrB3Uno38CsYijUPVszE3LO9t8.', 'simon blivar', 3, 0, '2024-12-10 23:14:10', '2025-01-20 02:54:52'),
(40, 'Bernard', 'Emma', 'emma.bernard@univ-fr.net', '$2y$10$piGgAUXTDpg..RCGQHEi.Oaqt6mrB3Uno38CsYijUPVszE3LO9t8.', 'ge', 3, 0, '2024-12-10 23:14:10', '2025-01-20 02:56:58'),
(41, 'Dubois', 'Hugo', 'hugo.dubois@univ-fr.net', '$2y$10$piGgAUXTDpg..RCGQHEi.Oaqt6mrB3Uno38CsYijUPVszE3LO9t8.', NULL, 3, 0, '2024-12-10 23:14:10', '2025-01-17 14:39:16'),
(42, 'Moreau', 'Chloé', 'chloe.moreau@univ-fr.net', '$2y$10$piGgAUXTDpg..RCGQHEi.Oaqt6mrB3Uno38CsYijUPVszE3LO9t8.', NULL, 3, 0, '2024-12-10 23:14:10', '2025-01-17 14:39:16'),
(43, 'Lefevre', 'Louis', 'louis.lefevre@univ-fr.net', '$2y$10$piGgAUXTDpg..RCGQHEi.Oaqt6mrB3Uno38CsYijUPVszE3LO9t8.', NULL, 3, 0, '2024-12-10 23:14:10', '2025-01-17 14:39:16'),
(44, 'Simon', 'Léa', 'lea.simon@univ-fr.net', '$2y$10$piGgAUXTDpg..RCGQHEi.Oaqt6mrB3Uno38CsYijUPVszE3LO9t8.', NULL, 3, 0, '2024-12-10 23:14:10', '2025-01-17 14:39:16'),
(45, 'Laurent', 'Gabriel', 'gabriel.laurent@univ-fr.net', '$2y$10$piGgAUXTDpg..RCGQHEi.Oaqt6mrB3Uno38CsYijUPVszE3LO9t8.', NULL, 3, 0, '2024-12-10 23:14:10', '2025-01-17 14:39:16'),
(46, 'Leroy', 'Manon', 'manon.leroy@univ-fr.net', '$2y$10$piGgAUXTDpg..RCGQHEi.Oaqt6mrB3Uno38CsYijUPVszE3LO9t8.', NULL, 3, 0, '2024-12-10 23:14:10', '2025-01-17 14:39:16'),
(47, 'Roux', 'Arthur', 'arthur.roux@univ-fr.net', '$2y$10$piGgAUXTDpg..RCGQHEi.Oaqt6mrB3Uno38CsYijUPVszE3LO9t8.', NULL, 3, 0, '2024-12-10 23:14:10', '2025-01-17 14:39:16'),
(48, 'Petit', 'Camille', 'camille.petit@univ-fr.net', '$2y$10$piGgAUXTDpg..RCGQHEi.Oaqt6mrB3Uno38CsYijUPVszE3LO9t8.', NULL, 3, 0, '2024-12-10 23:14:10', '2025-01-17 14:39:16'),
(49, 'Fournier', 'Jules', 'jules.fournier@univ-fr.net', '$2y$10$piGgAUXTDpg..RCGQHEi.Oaqt6mrB3Uno38CsYijUPVszE3LO9t8.', NULL, 3, 0, '2024-12-10 23:14:10', '2025-01-17 14:39:16'),
(50, 'Girard', 'Zoé', 'zoe.girard@univ-fr.net', '$2y$10$piGgAUXTDpg..RCGQHEi.Oaqt6mrB3Uno38CsYijUPVszE3LO9t8.', NULL, 3, 0, '2024-12-10 23:14:10', '2025-01-17 14:39:16'),
(51, 'Durand', 'Nathan', 'nathan.durand@univ-fr.net', '$2y$10$piGgAUXTDpg..RCGQHEi.Oaqt6mrB3Uno38CsYijUPVszE3LO9t8.', NULL, 3, 0, '2024-12-10 23:14:10', '2025-01-17 14:39:16'),
(52, 'Rousseau', 'Sarah', 'sarah.rousseau@univ-fr.net', '$2y$10$piGgAUXTDpg..RCGQHEi.Oaqt6mrB3Uno38CsYijUPVszE3LO9t8.', NULL, 3, 0, '2024-12-10 23:14:10', '2025-01-17 14:39:16'),
(53, 'Blanc', 'Tom', 'tom.blanc@univ-fr.net', '$2y$10$piGgAUXTDpg..RCGQHEi.Oaqt6mrB3Uno38CsYijUPVszE3LO9t8.', NULL, 3, 0, '2024-12-10 23:14:10', '2025-01-17 14:39:16'),
(54, 'Garnier', 'Lola', 'lola.garnier@univ-fr.net', '$2y$10$piGgAUXTDpg..RCGQHEi.Oaqt6mrB3Uno38CsYijUPVszE3LO9t8.', NULL, 3, 0, '2024-12-10 23:14:10', '2025-01-17 14:39:16'),
(55, 'Chevalier', 'Maxime', 'maxime.chevalier@univ-fr.net', '$2y$10$piGgAUXTDpg..RCGQHEi.Oaqt6mrB3Uno38CsYijUPVszE3LO9t8.', NULL, 3, 0, '2024-12-10 23:14:10', '2025-01-17 14:39:16'),
(56, 'Robin', 'Clara', 'clara.robin@univ-fr.net', '$2y$10$piGgAUXTDpg..RCGQHEi.Oaqt6mrB3Uno38CsYijUPVszE3LO9t8.', NULL, 3, 0, '2024-12-10 23:14:10', '2025-01-17 14:39:16'),
(58, 'Gauthier', 'Eva', 'eva.gauthier@univ-fr.net', '$2y$10$piGgAUXTDpg..RCGQHEi.Oaqt6mrB3Uno38CsYijUPVszE3LO9t8.', NULL, 3, 0, '2024-12-10 23:14:10', '2025-01-17 14:39:16'),
(59, 'Perrin', 'Lucas', 'lucas.perrin@univ-fr.net', '$2y$10$piGgAUXTDpg..RCGQHEi.Oaqt6mrB3Uno38CsYijUPVszE3LO9t8.', NULL, 3, 0, '2024-12-10 23:14:10', '2025-01-17 14:39:16'),
(60, 'Faure', 'Mia', 'mia.faure@univ-fr.net', '$2y$10$piGgAUXTDpg..RCGQHEi.Oaqt6mrB3Uno38CsYijUPVszE3LO9t8.', NULL, 3, 0, '2024-12-10 23:14:10', '2025-01-17 14:39:16'),
(61, 'Andre', 'Noah', 'noah.andre@univ-fr.net', '$2y$10$piGgAUXTDpg..RCGQHEi.Oaqt6mrB3Uno38CsYijUPVszE3LO9t8.', NULL, 3, 0, '2024-12-10 23:14:10', '2025-01-17 14:39:16'),
(62, 'Mercier', 'Lina', 'lina.mercier@univ-fr.net', '$2y$10$piGgAUXTDpg..RCGQHEi.Oaqt6mrB3Uno38CsYijUPVszE3LO9t8.', NULL, 3, 0, '2024-12-10 23:14:10', '2025-01-17 14:39:16'),
(64, 'Bonnet', 'Léonie', 'leonie.bonnet@univ-fr.net', '$2y$10$piGgAUXTDpg..RCGQHEi.Oaqt6mrB3Uno38CsYijUPVszE3LO9t8.', NULL, 3, 0, '2024-12-10 23:14:10', '2025-01-17 14:39:16'),
(66, 'Martinez', 'Anna', 'anna.martinez@univ-fr.net', '$2y$10$piGgAUXTDpg..RCGQHEi.Oaqt6mrB3Uno38CsYijUPVszE3LO9t8.', NULL, 3, 0, '2024-12-10 23:14:10', '2025-01-17 14:39:16'),
(67, 'Legrand', 'Victor', 'victor.legrand@univ-fr.net', '$2y$10$piGgAUXTDpg..RCGQHEi.Oaqt6mrB3Uno38CsYijUPVszE3LO9t8.', NULL, 3, 0, '2024-12-10 23:14:10', '2025-01-17 14:39:16'),
(68, 'Giraud', 'Sophie', 'sophie.giraud@univ-fr.net', '$2y$10$piGgAUXTDpg..RCGQHEi.Oaqt6mrB3Uno38CsYijUPVszE3LO9t8.', NULL, 3, 0, '2024-12-10 23:14:10', '2025-01-17 14:39:16'),
(69, 'Renaud', 'Alex', 'alex.renaud@univ-fr.net', '$2y$10$piGgAUXTDpg..RCGQHEi.Oaqt6mrB3Uno38CsYijUPVszE3LO9t8.', NULL, 3, 0, '2024-12-10 23:14:10', '2025-01-17 14:39:16'),
(70, 'Renard', 'Julie', 'julie.renard@univ-fr.net', '$2y$10$piGgAUXTDpg..RCGQHEi.Oaqt6mrB3Uno38CsYijUPVszE3LO9t8.', NULL, 3, 0, '2024-12-10 23:14:10', '2025-01-17 14:39:16'),
(71, 'Colin', 'Matthieu', 'matthieu.colin@univ-fr.net', '$2y$10$piGgAUXTDpg..RCGQHEi.Oaqt6mrB3Uno38CsYijUPVszE3LO9t8.', NULL, 3, 0, '2024-12-10 23:14:10', '2025-01-17 14:39:16'),
(72, 'Vidal', 'Elise', 'elise.vidal@univ-fr.net', '$2y$10$piGgAUXTDpg..RCGQHEi.Oaqt6mrB3Uno38CsYijUPVszE3LO9t8.', NULL, 3, 0, '2024-12-10 23:14:10', '2025-01-17 14:39:16'),
(73, 'Bourgeois', 'Antoine', 'antoine.bourgeois@univ-fr.net', '$2y$10$piGgAUXTDpg..RCGQHEi.Oaqt6mrB3Uno38CsYijUPVszE3LO9t8.', NULL, 3, 0, '2024-12-10 23:14:10', '2025-01-17 14:39:16'),
(74, 'Riviere', 'Clémence', 'clemence.riviere@univ-fr.net', '$2y$10$piGgAUXTDpg..RCGQHEi.Oaqt6mrB3Uno38CsYijUPVszE3LO9t8.', NULL, 3, 0, '2024-12-10 23:14:10', '2025-01-17 14:39:16'),
(75, 'Gonzalez', 'Theo', 'theo.gonzalez@univ-fr.net', '$2y$10$piGgAUXTDpg..RCGQHEi.Oaqt6mrB3Uno38CsYijUPVszE3LO9t8.', NULL, 3, 0, '2024-12-10 23:14:10', '2025-01-17 14:39:16'),
(76, 'Guillot', 'Alicia', 'alicia.guillot@univ-fr.net', '$2y$10$piGgAUXTDpg..RCGQHEi.Oaqt6mrB3Uno38CsYijUPVszE3LO9t8.', NULL, 3, 0, '2024-12-10 23:14:10', '2025-01-17 14:39:16'),
(77, 'Lucas', 'Bastien', 'bastien.lucas@univ-fr.net', '$2y$10$piGgAUXTDpg..RCGQHEi.Oaqt6mrB3Uno38CsYijUPVszE3LO9t8.', NULL, 3, 0, '2024-12-10 23:14:10', '2025-01-17 14:39:16'),
(78, 'Brun', 'Nina', 'nina.brun@univ-fr.net', '$2y$10$piGgAUXTDpg..RCGQHEi.Oaqt6mrB3Uno38CsYijUPVszE3LO9t8.', NULL, 3, 0, '2024-12-10 23:14:10', '2025-01-17 14:39:16'),
(79, 'Dumas', 'Romain', 'romain.dumas@univ-fr.net', '$2y$10$piGgAUXTDpg..RCGQHEi.Oaqt6mrB3Uno38CsYijUPVszE3LO9t8.', NULL, 3, 0, '2024-12-10 23:14:10', '2025-01-17 14:39:16'),
(80, 'Moulin', 'Clara', 'clara.moulin@univ-fr.net', '$2y$10$piGgAUXTDpg..RCGQHEi.Oaqt6mrB3Uno38CsYijUPVszE3LO9t8.', NULL, 3, 0, '2024-12-10 23:14:10', '2025-01-17 14:39:16'),
(81, 'Gros', 'Leo', 'leo.gros@univ-fr.net', '$2y$10$piGgAUXTDpg..RCGQHEi.Oaqt6mrB3Uno38CsYijUPVszE3LO9t8.', NULL, 3, 0, '2024-12-10 23:14:10', '2025-01-17 14:39:16'),
(82, 'Royer', 'Ines', 'ines.royer@univ-fr.net', '$2y$10$piGgAUXTDpg..RCGQHEi.Oaqt6mrB3Uno38CsYijUPVszE3LO9t8.', NULL, 3, 0, '2024-12-10 23:14:10', '2025-01-17 14:39:16'),
(83, 'Philippe', 'Oscar', 'oscar.philippe@univ-fr.net', '$2y$10$piGgAUXTDpg..RCGQHEi.Oaqt6mrB3Uno38CsYijUPVszE3LO9t8.', NULL, 3, 0, '2024-12-10 23:14:10', '2025-01-17 14:39:16'),
(84, 'Noel', 'Lucie', 'lucie.noel@univ-fr.net', '$2y$10$piGgAUXTDpg..RCGQHEi.Oaqt6mrB3Uno38CsYijUPVszE3LO9t8.', NULL, 3, 0, '2024-12-10 23:14:10', '2025-01-17 14:39:16'),
(85, 'Meyer', 'Julien', 'julien.meyer@univ-fr.net', '$2y$10$piGgAUXTDpg..RCGQHEi.Oaqt6mrB3Uno38CsYijUPVszE3LO9t8.', NULL, 3, 0, '2024-12-10 23:14:10', '2025-01-17 14:39:16'),
(86, 'Lacroix', 'Emma', 'emma.lacroix@univ-fr.net', '$2y$10$piGgAUXTDpg..RCGQHEi.Oaqt6mrB3Uno38CsYijUPVszE3LO9t8.', NULL, 3, 0, '2024-12-10 23:14:10', '2025-01-17 14:39:16'),
(87, 'Bertrand', 'Alexandre', 'alexandre.bertrand@univ-fr.net', '$2y$10$piGgAUXTDpg..RCGQHEi.Oaqt6mrB3Uno38CsYijUPVszE3LO9t8.', NULL, 3, 0, '2024-12-10 23:14:10', '2025-01-17 14:39:16'),
(88, 'Barbier', 'Sophie', 'sophie.barbier@univ-fr.net', '$2y$10$piGgAUXTDpg..RCGQHEi.Oaqt6mrB3Uno38CsYijUPVszE3LO9t8.', NULL, 3, 0, '2024-12-10 23:14:10', '2025-01-17 14:39:16'),
(89, 'Benoit', 'Lucas', 'lucas.benoit@univ-fr.net', '$2y$10$piGgAUXTDpg..RCGQHEi.Oaqt6mrB3Uno38CsYijUPVszE3LO9t8.', NULL, 3, 0, '2024-12-10 23:14:10', '2025-01-17 14:39:16'),
(90, 'Paris', 'Chloé', 'chloe.paris@univ-fr.net', '$2y$10$piGgAUXTDpg..RCGQHEi.Oaqt6mrB3Uno38CsYijUPVszE3LO9t8.', NULL, 3, 0, '2024-12-10 23:14:10', '2025-01-17 14:39:16'),
(91, 'Jacquet', 'Hugo', 'hugo.jacquet@univ-fr.net', '$2y$10$piGgAUXTDpg..RCGQHEi.Oaqt6mrB3Uno38CsYijUPVszE3LO9t8.', NULL, 3, 0, '2024-12-10 23:14:10', '2025-01-17 14:39:16'),
(92, 'Poirier', 'Léa', 'lea.poirier@univ-fr.net', '$2y$10$piGgAUXTDpg..RCGQHEi.Oaqt6mrB3Uno38CsYijUPVszE3LO9t8.', NULL, 3, 0, '2024-12-10 23:14:10', '2025-01-17 14:39:16'),
(93, 'Charpentier', 'Gabriel', 'gabriel.charpentier@univ-fr.net', '$2y$10$piGgAUXTDpg..RCGQHEi.Oaqt6mrB3Uno38CsYijUPVszE3LO9t8.', NULL, 3, 0, '2024-12-10 23:14:10', '2025-01-17 14:39:16'),
(94, 'Carpentier', 'Manon', 'manon.carpentier@univ-fr.net', '$2y$10$piGgAUXTDpg..RCGQHEi.Oaqt6mrB3Uno38CsYijUPVszE3LO9t8.', NULL, 3, 0, '2024-12-10 23:14:10', '2025-01-17 14:39:16'),
(95, 'Boucher', 'Arthur', 'arthur.boucher@univ-fr.net', '$2y$10$piGgAUXTDpg..RCGQHEi.Oaqt6mrB3Uno38CsYijUPVszE3LO9t8.', NULL, 3, 0, '2024-12-10 23:14:10', '2025-01-17 14:39:16'),
(96, 'Gillet', 'Camille', 'camille.gillet@univ-fr.net', '$2y$10$piGgAUXTDpg..RCGQHEi.Oaqt6mrB3Uno38CsYijUPVszE3LO9t8.', NULL, 3, 0, '2024-12-10 23:14:10', '2025-01-17 14:39:16'),
(97, 'Weber', 'Jules', 'jules.weber@univ-fr.net', '$2y$10$piGgAUXTDpg..RCGQHEi.Oaqt6mrB3Uno38CsYijUPVszE3LO9t8.', NULL, 3, 0, '2024-12-10 23:14:10', '2025-01-17 14:39:16'),
(98, 'Roussel', 'Zoé', 'zoe.roussel@univ-fr.net', '$2y$10$piGgAUXTDpg..RCGQHEi.Oaqt6mrB3Uno38CsYijUPVszE3LO9t8.', NULL, 3, 0, '2024-12-10 23:14:10', '2025-01-17 14:39:16'),
(99, 'Germain', 'Nathan', 'nathan.germain@univ-fr.net', '$2y$10$piGgAUXTDpg..RCGQHEi.Oaqt6mrB3Uno38CsYijUPVszE3LO9t8.', NULL, 3, 0, '2024-12-10 23:14:10', '2025-01-17 14:39:16'),
(100, 'Leclerc', 'Sarah', 'sarah.leclerc@univ-fr.net', '$2y$10$piGgAUXTDpg..RCGQHEi.Oaqt6mrB3Uno38CsYijUPVszE3LO9t8.', NULL, 3, 0, '2024-12-10 23:14:10', '2025-01-17 14:39:16'),
(101, 'Duval', 'Tom', 'tom.duval@univ-fr.net', '$2y$10$piGgAUXTDpg..RCGQHEi.Oaqt6mrB3Uno38CsYijUPVszE3LO9t8.', NULL, 3, 0, '2024-12-10 23:14:10', '2025-01-17 14:39:16'),
(102, 'Lopez', 'Lola', 'lola.lopez@univ-fr.net', '$2y$10$piGgAUXTDpg..RCGQHEi.Oaqt6mrB3Uno38CsYijUPVszE3LO9t8.', NULL, 3, 0, '2024-12-10 23:14:10', '2025-01-17 14:39:16'),
(103, 'Fontaine', 'Maxime', 'maxime.fontaine@univ-fr.net', '$2y$10$piGgAUXTDpg..RCGQHEi.Oaqt6mrB3Uno38CsYijUPVszE3LO9t8.', NULL, 3, 0, '2024-12-10 23:14:10', '2025-01-17 14:39:16'),
(104, 'Roche', 'Clara', 'clara.roche@univ-fr.net', '$2y$10$piGgAUXTDpg..RCGQHEi.Oaqt6mrB3Uno38CsYijUPVszE3LO9t8.', NULL, 3, 0, '2024-12-10 23:14:10', '2025-01-17 14:39:16'),
(105, 'Klein', 'Ethan', 'ethan.klein@univ-fr.net', '$2y$10$piGgAUXTDpg..RCGQHEi.Oaqt6mrB3Uno38CsYijUPVszE3LO9t8.', NULL, 3, 0, '2024-12-10 23:14:10', '2025-01-17 14:39:16'),
(106, 'Marchand', 'Eva', 'eva.marchand@univ-fr.net', '$2y$10$piGgAUXTDpg..RCGQHEi.Oaqt6mrB3Uno38CsYijUPVszE3LO9t8.', NULL, 3, 0, '2024-12-10 23:14:10', '2025-01-17 14:39:16'),
(107, 'Hubert', 'Lucas', 'lucas.hubert@univ-fr.net', '$2y$10$piGgAUXTDpg..RCGQHEi.Oaqt6mrB3Uno38CsYijUPVszE3LO9t8.', NULL, 3, 0, '2024-12-10 23:14:10', '2025-01-17 14:39:16'),
(108, 'Lemoine', 'Mia', 'mia.lemoine@univ-fr.net', '$2y$10$piGgAUXTDpg..RCGQHEi.Oaqt6mrB3Uno38CsYijUPVszE3LO9t8.', NULL, 3, 0, '2024-12-10 23:14:10', '2025-01-17 14:39:16'),
(109, 'Bertin', 'Noah', 'noah.bertin@univ-fr.net', '$2y$10$piGgAUXTDpg..RCGQHEi.Oaqt6mrB3Uno38CsYijUPVszE3LO9t8.', NULL, 3, 0, '2024-12-10 23:14:10', '2025-01-17 14:39:16'),
(110, 'Bailly', 'Lina', 'lina.bailly@univ-fr.net', '$2y$10$piGgAUXTDpg..RCGQHEi.Oaqt6mrB3Uno38CsYijUPVszE3LO9t8.', NULL, 3, 0, '2024-12-10 23:14:10', '2025-01-17 14:39:16'),
(111, 'Schmitt', 'Adam', 'adam.schmitt@univ-fr.net', '$2y$10$piGgAUXTDpg..RCGQHEi.Oaqt6mrB3Uno38CsYijUPVszE3LO9t8.', NULL, 3, 0, '2024-12-10 23:14:10', '2025-01-17 14:39:16'),
(112, 'Poulain', 'Léonie', 'leonie.poulain@univ-fr.net', '$2y$10$piGgAUXTDpg..RCGQHEi.Oaqt6mrB3Uno38CsYijUPVszE3LO9t8.', NULL, 3, 0, '2024-12-10 23:14:10', '2025-01-17 14:39:16'),
(113, 'Perrot', 'Paul', 'paul.perrot@univ-fr.net', '$2y$10$piGgAUXTDpg..RCGQHEi.Oaqt6mrB3Uno38CsYijUPVszE3LO9t8.', NULL, 3, 0, '2024-12-10 23:14:10', '2025-01-17 14:39:16'),
(115, 'Maillard', 'Victor', 'victor.maillard@univ-fr.net', '$2y$10$piGgAUXTDpg..RCGQHEi.Oaqt6mrB3Uno38CsYijUPVszE3LO9t8.', NULL, 3, 0, '2024-12-10 23:14:10', '2025-01-17 14:39:16'),
(116, 'Baron', 'Sophie', 'sophie.baron@univ-fr.net', '$2y$10$piGgAUXTDpg..RCGQHEi.Oaqt6mrB3Uno38CsYijUPVszE3LO9t8.', NULL, 3, 0, '2024-12-10 23:14:10', '2025-01-17 14:39:16'),
(117, 'Guyot', 'Alex', 'alex.guyot@univ-fr.net', '$2y$10$piGgAUXTDpg..RCGQHEi.Oaqt6mrB3Uno38CsYijUPVszE3LO9t8.', NULL, 3, 0, '2024-12-10 23:14:10', '2025-01-17 14:39:16'),
(118, 'Besson', 'Julie', 'julie.besson@univ-fr.net', '$2y$10$piGgAUXTDpg..RCGQHEi.Oaqt6mrB3Uno38CsYijUPVszE3LO9t8.', NULL, 3, 0, '2024-12-10 23:14:10', '2025-01-17 14:39:16'),
(119, 'Humbert', 'Matthieu', 'matthieu.humbert@univ-fr.net', '$2y$10$piGgAUXTDpg..RCGQHEi.Oaqt6mrB3Uno38CsYijUPVszE3LO9t8.', NULL, 3, 0, '2024-12-10 23:14:10', '2025-01-17 14:39:16'),
(120, 'Rey', 'Elise', 'elise.rey@univ-fr.net', '$2y$10$piGgAUXTDpg..RCGQHEi.Oaqt6mrB3Uno38CsYijUPVszE3LO9t8.', NULL, 3, 0, '2024-12-10 23:14:10', '2025-01-17 14:39:16'),
(121, 'Langlois', 'Antoine', 'antoine.langlois@univ-fr.net', '$2y$10$piGgAUXTDpg..RCGQHEi.Oaqt6mrB3Uno38CsYijUPVszE3LO9t8.', NULL, 3, 0, '2024-12-10 23:14:10', '2025-01-17 14:39:16'),
(122, 'Lecomte', 'Clémence', 'clemence.lecomte@univ-fr.net', '$2y$10$piGgAUXTDpg..RCGQHEi.Oaqt6mrB3Uno38CsYijUPVszE3LO9t8.', NULL, 3, 0, '2024-12-10 23:14:10', '2025-01-17 14:39:16'),
(123, 'Bourdon', 'Theo', 'theo.bourdon@univ-fr.net', '$2y$10$piGgAUXTDpg..RCGQHEi.Oaqt6mrB3Uno38CsYijUPVszE3LO9t8.', NULL, 3, 0, '2024-12-10 23:14:10', '2025-01-17 14:39:16'),
(124, 'Lamy', 'Alicia', 'alicia.lamy@univ-fr.net', '$2y$10$piGgAUXTDpg..RCGQHEi.Oaqt6mrB3Uno38CsYijUPVszE3LO9t8.', NULL, 3, 0, '2024-12-10 23:14:10', '2025-01-17 14:39:16'),
(125, 'Berthelot', 'Bastien', 'bastien.berthelot@univ-fr.net', '$2y$10$piGgAUXTDpg..RCGQHEi.Oaqt6mrB3Uno38CsYijUPVszE3LO9t8.', NULL, 3, 0, '2024-12-10 23:14:10', '2025-01-17 14:39:16'),
(127, 'Schneider', 'Romain', 'romain.schneider@univ-fr.net', '$2y$10$piGgAUXTDpg..RCGQHEi.Oaqt6mrB3Uno38CsYijUPVszE3LO9t8.', NULL, 3, 0, '2024-12-10 23:14:10', '2025-01-17 14:39:16'),
(128, 'Leclercq', 'Clara', 'clara.leclercq@univ-fr.net', '$2y$10$piGgAUXTDpg..RCGQHEi.Oaqt6mrB3Uno38CsYijUPVszE3LO9t8.', NULL, 3, 0, '2024-12-10 23:14:10', '2025-01-17 14:39:16'),
(129, 'Fabre', 'Leo', 'leo.fabre@univ-fr.net', '$2y$10$piGgAUXTDpg..RCGQHEi.Oaqt6mrB3Uno38CsYijUPVszE3LO9t8.', NULL, 3, 0, '2024-12-10 23:14:10', '2025-01-17 14:39:16'),
(130, 'Denis', 'Ines', 'ines.denis@univ-fr.net', '$2y$10$piGgAUXTDpg..RCGQHEi.Oaqt6mrB3Uno38CsYijUPVszE3LO9t8.', NULL, 3, 0, '2024-12-10 23:14:10', '2025-01-17 14:39:16'),
(131, 'Lemoine', 'Oscar', 'oscar.lemoine@univ-fr.net', '$2y$10$piGgAUXTDpg..RCGQHEi.Oaqt6mrB3Uno38CsYijUPVszE3LO9t8.', NULL, 3, 0, '2024-12-10 23:14:10', '2025-01-17 14:39:16'),
(132, 'Bertin', 'Lucie', 'lucie.bertin@univ-fr.net', '$2y$10$piGgAUXTDpg..RCGQHEi.Oaqt6mrB3Uno38CsYijUPVszE3LO9t8.', NULL, 3, 0, '2024-12-10 23:14:10', '2025-01-17 14:39:16'),
(133, 'Bailly', 'Julien', 'julien.bailly@univ-fr.net', '$2y$10$piGgAUXTDpg..RCGQHEi.Oaqt6mrB3Uno38CsYijUPVszE3LO9t8.', NULL, 3, 0, '2024-12-10 23:14:10', '2025-01-17 14:39:16'),
(134, 'Schmitt', 'Emma', 'emma.schmitt@univ-fr.net', '$2y$10$piGgAUXTDpg..RCGQHEi.Oaqt6mrB3Uno38CsYijUPVszE3LO9t8.', NULL, 3, 0, '2024-12-10 23:14:10', '2025-01-17 14:39:16'),
(135, 'Poulain', 'Alexandre', 'alexandre.poulain@univ-fr.net', '$2y$10$piGgAUXTDpg..RCGQHEi.Oaqt6mrB3Uno38CsYijUPVszE3LO9t8.', NULL, 3, 0, '2024-12-10 23:14:10', '2025-01-17 14:39:16'),
(136, 'Perrot', 'Sophie', 'sophie.perrot@univ-fr.net', '$2y$10$piGgAUXTDpg..RCGQHEi.Oaqt6mrB3Uno38CsYijUPVszE3LO9t8.', NULL, 3, 0, '2024-12-10 23:14:10', '2025-01-17 14:39:16'),
(137, 'Charrier', 'Lucas', 'lucas.charrier@univ-fr.net', '$2y$10$piGgAUXTDpg..RCGQHEi.Oaqt6mrB3Uno38CsYijUPVszE3LO9t8.', NULL, 3, 0, '2024-12-10 23:14:10', '2025-01-17 14:39:16'),
(138, 'Maillard', 'Chloé', 'chloe.maillard@univ-fr.net', '$2y$10$piGgAUXTDpg..RCGQHEi.Oaqt6mrB3Uno38CsYijUPVszE3LO9t8.', NULL, 3, 0, '2024-12-10 23:14:10', '2025-01-17 14:39:16'),
(139, 'Baron', 'Hugo', 'hugo.baron@univ-fr.net', '$2y$10$piGgAUXTDpg..RCGQHEi.Oaqt6mrB3Uno38CsYijUPVszE3LO9t8.', NULL, 3, 0, '2024-12-10 23:14:10', '2025-01-17 14:39:16'),
(140, 'Guyot', 'Léa', 'lea.guyot@univ-fr.net', '$2y$10$piGgAUXTDpg..RCGQHEi.Oaqt6mrB3Uno38CsYijUPVszE3LO9t8.', NULL, 3, 0, '2024-12-10 23:14:10', '2025-01-17 14:39:16'),
(141, 'Besson', 'Gabriel', 'gabriel.besson@univ-fr.net', '$2y$10$piGgAUXTDpg..RCGQHEi.Oaqt6mrB3Uno38CsYijUPVszE3LO9t8.', NULL, 3, 0, '2024-12-10 23:14:10', '2025-01-17 14:39:16'),
(142, 'Humbert', 'Manon', 'manon.humbert@univ-fr.net', '$2y$10$piGgAUXTDpg..RCGQHEi.Oaqt6mrB3Uno38CsYijUPVszE3LO9t8.', NULL, 3, 0, '2024-12-10 23:14:10', '2025-01-17 14:39:16'),
(143, 'Rey', 'Arthur', 'arthur.rey@univ-fr.net', '$2y$10$piGgAUXTDpg..RCGQHEi.Oaqt6mrB3Uno38CsYijUPVszE3LO9t8.', NULL, 3, 0, '2024-12-10 23:14:10', '2025-01-17 14:39:16'),
(144, 'Langlois', 'Camille', 'camille.langlois@univ-fr.net', '$2y$10$piGgAUXTDpg..RCGQHEi.Oaqt6mrB3Uno38CsYijUPVszE3LO9t8.', NULL, 3, 0, '2024-12-10 23:14:10', '2025-01-17 14:39:16'),
(146, 'Bourdon', 'Zoé', 'zoe.bourdon@univ-fr.net', '$2y$10$piGgAUXTDpg..RCGQHEi.Oaqt6mrB3Uno38CsYijUPVszE3LO9t8.', NULL, 3, 0, '2024-12-10 23:14:10', '2025-01-17 14:39:16'),
(147, 'Lamy', 'Nathan', 'nathan.lamy@univ-fr.net', '$2y$10$piGgAUXTDpg..RCGQHEi.Oaqt6mrB3Uno38CsYijUPVszE3LO9t8.', NULL, 3, 0, '2024-12-10 23:14:10', '2025-01-17 14:39:16'),
(148, 'Berthelot', 'Sarah', 'sarah.berthelot@univ-fr.net', '$2y$10$piGgAUXTDpg..RCGQHEi.Oaqt6mrB3Uno38CsYijUPVszE3LO9t8.', NULL, 3, 0, '2024-12-10 23:14:10', '2025-01-17 14:39:16'),
(149, 'Bailly', 'Tom', 'tom.bailly@univ-fr.net', '$2y$10$piGgAUXTDpg..RCGQHEi.Oaqt6mrB3Uno38CsYijUPVszE3LO9t8.', NULL, 3, 0, '2024-12-10 23:14:10', '2025-01-17 14:39:16'),
(150, 'Schneider', 'Lola', 'lola.schneider@univ-fr.net', '$2y$10$piGgAUXTDpg..RCGQHEi.Oaqt6mrB3Uno38CsYijUPVszE3LO9t8.', NULL, 3, 0, '2024-12-10 23:14:10', '2025-01-17 14:39:16'),
(151, 'Leclercq', 'Maxime', 'maxime.leclercq@univ-fr.net', '$2y$10$piGgAUXTDpg..RCGQHEi.Oaqt6mrB3Uno38CsYijUPVszE3LO9t8.', NULL, 3, 0, '2024-12-10 23:14:10', '2025-01-17 14:39:16'),
(155, 'rui', 'rui', 'rui.rui@univ-fr.net', '$2y$10$HJSxhkRc.amZB0IxMYjkE.1LDFONdVwMxmRyzbbvCeTIREqeX41Bm', '12 jkl', 3, 0, '2025-01-21 11:23:59', '2025-01-21 11:26:34'),
(161, 'deu', 'deu', 'deu.deu@univ-fr.net', '$2y$10$2VM8LMuku1TuI248WFGN4e0CsPkFFUbUWEFx6LeVJGKQ0eYEtsu1.', NULL, 3, 0, '2025-01-21 12:13:51', '2025-01-21 12:13:51'),
(163, 'ade', 'ade', 'ade.ade@univ-fr.net', '$2y$10$OYH3ZYzol.LOaq/H6BW68eJ0sIpzyco8fDGksv/M15.CxRn/6Kb1q', NULL, 3, 0, '2025-01-21 12:21:10', '2025-01-21 12:21:10'),
(166, 'fran', 'fran', 'fran.fran@univ-fr.net', '$2y$10$xBBUqbmKRqH/4F2gVUFeben44XcWCKVrp3LG8JqlCpTV8stwYzLJu', NULL, 3, 0, '2025-01-22 05:14:37', '2025-01-22 05:14:37');

--
-- Índices para tablas volcadas
--

--
-- Indices de la tabla `etudiant_matieres`
--
ALTER TABLE `etudiant_matieres`
  ADD PRIMARY KEY (`etudiant_id`,`matiere_id`),
  ADD KEY `matiere_id` (`matiere_id`);

--
-- Indices de la tabla `evaluations`
--
ALTER TABLE `evaluations`
  ADD PRIMARY KEY (`id`),
  ADD KEY `idx_evaluation_date` (`date_evaluation`),
  ADD KEY `idx_prof_id` (`prof_id`),
  ADD KEY `idx_matiere_id` (`matiere_id`);

--
-- Indices de la tabla `evaluation_notes`
--
ALTER TABLE `evaluation_notes`
  ADD PRIMARY KEY (`id`),
  ADD KEY `evaluation_notes_ibfk_1` (`evaluation_id`),
  ADD KEY `evaluation_notes_ibfk_2` (`etudiant_id`);

--
-- Indices de la tabla `matieres`
--
ALTER TABLE `matieres`
  ADD PRIMARY KEY (`id`);

--
-- Indices de la tabla `password_resets`
--
ALTER TABLE `password_resets`
  ADD PRIMARY KEY (`id`),
  ADD UNIQUE KEY `unique_token` (`token`),
  ADD KEY `user_id` (`user_id`);

--
-- Indices de la tabla `photos`
--
ALTER TABLE `photos`
  ADD PRIMARY KEY (`id`),
  ADD UNIQUE KEY `user_id` (`user_id`);

--
-- Indices de la tabla `prof_matieres`
--
ALTER TABLE `prof_matieres`
  ADD PRIMARY KEY (`prof_id`,`matiere_id`),
  ADD KEY `matiere_id` (`matiere_id`);

--
-- Indices de la tabla `roles`
--
ALTER TABLE `roles`
  ADD PRIMARY KEY (`id`);

--
-- Indices de la tabla `users`
--
ALTER TABLE `users`
  ADD PRIMARY KEY (`id`),
  ADD UNIQUE KEY `email` (`email`),
  ADD KEY `role_id` (`role_id`),
  ADD KEY `idx_user_email` (`email`);

--
-- AUTO_INCREMENT de las tablas volcadas
--

--
-- AUTO_INCREMENT de la tabla `evaluations`
--
ALTER TABLE `evaluations`
  MODIFY `id` bigint(20) UNSIGNED NOT NULL AUTO_INCREMENT;

--
-- AUTO_INCREMENT de la tabla `evaluation_notes`
--
ALTER TABLE `evaluation_notes`
  MODIFY `id` int(11) NOT NULL AUTO_INCREMENT;

--
-- AUTO_INCREMENT de la tabla `matieres`
--
ALTER TABLE `matieres`
  MODIFY `id` int(11) NOT NULL AUTO_INCREMENT, AUTO_INCREMENT=11;

--
-- AUTO_INCREMENT de la tabla `password_resets`
--
ALTER TABLE `password_resets`
  MODIFY `id` int(11) NOT NULL AUTO_INCREMENT;

--
-- AUTO_INCREMENT de la tabla `photos`
--
ALTER TABLE `photos`
  MODIFY `id` int(11) NOT NULL AUTO_INCREMENT;

--
-- AUTO_INCREMENT de la tabla `roles`
--
ALTER TABLE `roles`
  MODIFY `id` int(11) NOT NULL AUTO_INCREMENT, AUTO_INCREMENT=4;

--
-- AUTO_INCREMENT de la tabla `users`
--
ALTER TABLE `users`
  MODIFY `id` int(11) NOT NULL AUTO_INCREMENT, AUTO_INCREMENT=167;

--
-- Restricciones para tablas volcadas
--

--
-- Filtros para la tabla `evaluations`
--
ALTER TABLE `evaluations`
  ADD CONSTRAINT `evaluations_ibfk_3` FOREIGN KEY (`prof_id`) REFERENCES `users` (`id`) ON DELETE CASCADE,
  ADD CONSTRAINT `evaluations_matiere_fk` FOREIGN KEY (`matiere_id`) REFERENCES `matieres` (`id`) ON DELETE CASCADE;

--
-- Filtros para la tabla `evaluation_notes`
--
ALTER TABLE `evaluation_notes`
  ADD CONSTRAINT `evaluation_notes_ibfk_1` FOREIGN KEY (`evaluation_id`) REFERENCES `evaluations` (`id`) ON DELETE CASCADE,
  ADD CONSTRAINT `evaluation_notes_ibfk_2` FOREIGN KEY (`etudiant_id`) REFERENCES `users` (`id`) ON DELETE CASCADE;

--
-- Filtros para la tabla `password_resets`
--
ALTER TABLE `password_resets`
  ADD CONSTRAINT `password_resets_ibfk_1` FOREIGN KEY (`user_id`) REFERENCES `users` (`id`) ON DELETE CASCADE;

--
-- Filtros para la tabla `photos`
--
ALTER TABLE `photos`
  ADD CONSTRAINT `fk_photos_user` FOREIGN KEY (`user_id`) REFERENCES `users` (`id`) ON DELETE CASCADE;

--
-- Filtros para la tabla `prof_matieres`
--
ALTER TABLE `prof_matieres`
  ADD CONSTRAINT `prof_matieres_ibfk_1` FOREIGN KEY (`prof_id`) REFERENCES `users` (`id`) ON DELETE CASCADE,
  ADD CONSTRAINT `prof_matieres_ibfk_2` FOREIGN KEY (`matiere_id`) REFERENCES `matieres` (`id`) ON DELETE CASCADE;
COMMIT;

/*!40101 SET CHARACTER_SET_CLIENT=@OLD_CHARACTER_SET_CLIENT */;
/*!40101 SET CHARACTER_SET_RESULTS=@OLD_CHARACTER_SET_RESULTS */;
/*!40101 SET COLLATION_CONNECTION=@OLD_COLLATION_CONNECTION */;
